"project","category","part_count","modeled_sheet_count","modeled_yield_pct","finished_part_area_sq_ft","unfilled_sheet_area_sq_ft","yield_band","template_url","worked_layout_url","cut_list_csv_url","sheet_size_in","kerf_in","rotation","benchmark_version","method"
"Base cabinet","Cabinets","6","1","73.551","23.5","8.5","High sheet use","https://woodcuttool.com/templates/base-cabinet-cut-list/","https://woodcuttool.com/examples/base-cabinet-cut-list/","https://woodcuttool.com/examples/data/base-cabinet-cut-list.csv","96 × 48","0.125","allowed","2026-07-21","woodcuttool-maxrects-v1"
"Wall cabinet","Cabinets","7","1","60.840","19.5","12.5","Balanced use","https://woodcuttool.com/templates/wall-cabinet-cut-list/","https://woodcuttool.com/examples/wall-cabinet-cut-list/","https://woodcuttool.com/examples/data/wall-cabinet-cut-list.csv","96 × 48","0.125","allowed","2026-07-21","woodcuttool-maxrects-v1"
"Bathroom vanity","Cabinets","6","1","58.260","18.6","13.4","Balanced use","https://woodcuttool.com/templates/bathroom-vanity-cut-list/","https://woodcuttool.com/examples/bathroom-vanity-cut-list/","https://woodcuttool.com/examples/data/bathroom-vanity-cut-list.csv","96 × 48","0.125","allowed","2026-07-21","woodcuttool-maxrects-v1"
"Under-bed drawers","Storage","12","1","72.830","23.3","8.7","High sheet use","https://woodcuttool.com/templates/under-bed-drawer-cut-list/","https://woodcuttool.com/examples/under-bed-drawers-cut-list/","https://woodcuttool.com/examples/data/under-bed-drawers-cut-list.csv","96 × 48","0.125","allowed","2026-07-21","woodcuttool-maxrects-v1"
"Coffee table","Furniture","6","1","72.493","23.2","8.8","High sheet use","https://woodcuttool.com/templates/coffee-table-cut-list/","https://woodcuttool.com/examples/coffee-table-cut-list/","https://woodcuttool.com/examples/data/coffee-table-cut-list.csv","96 × 48","0.125","allowed","2026-07-21","woodcuttool-maxrects-v1"
"Console table","Furniture","5","1","46.973","15.0","17.0","Balanced use","https://woodcuttool.com/templates/console-table-cut-list/","https://woodcuttool.com/examples/console-table-cut-list/","https://woodcuttool.com/examples/data/console-table-cut-list.csv","96 × 48","0.125","allowed","2026-07-21","woodcuttool-maxrects-v1"
"Folding craft table","Furniture","6","1","77.832","24.9","7.1","High sheet use","https://woodcuttool.com/templates/folding-craft-table-cut-list/","https://woodcuttool.com/examples/folding-craft-table-cut-list/","https://woodcuttool.com/examples/data/folding-craft-table-cut-list.csv","96 × 48","0.125","allowed","2026-07-21","woodcuttool-maxrects-v1"
"Kids table","Furniture","6","1","41.840","13.4","18.6","Balanced use","https://woodcuttool.com/templates/kids-table-cut-list/","https://woodcuttool.com/examples/kids-table-cut-list/","https://woodcuttool.com/examples/data/kids-table-cut-list.csv","96 × 48","0.125","allowed","2026-07-21","woodcuttool-maxrects-v1"
"French cleat tool wall","Shop","12","1","82.422","26.4","5.6","High sheet use","https://woodcuttool.com/templates/french-cleat-wall-cut-list/","https://woodcuttool.com/examples/french-cleat-wall-cut-list/","https://woodcuttool.com/examples/data/french-cleat-wall-cut-list.csv","96 × 48","0.125","allowed","2026-07-21","woodcuttool-maxrects-v1"
"Rolling utility cart","Shop","9","1","58.203","18.6","13.4","Balanced use","https://woodcuttool.com/templates/rolling-cart-cut-list/","https://woodcuttool.com/examples/rolling-cart-cut-list/","https://woodcuttool.com/examples/data/rolling-cart-cut-list.csv","96 × 48","0.125","allowed","2026-07-21","woodcuttool-maxrects-v1"
"Appliance garage","Cabinets","6","1","32.161","10.3","21.7","Large offcut","https://woodcuttool.com/templates/appliance-garage-cut-list/","https://woodcuttool.com/examples/appliance-garage-cut-list/","https://woodcuttool.com/examples/data/appliance-garage-cut-list.csv","96 × 48","0.125","allowed","2026-07-21","woodcuttool-maxrects-v1"
"Microwave shelf cabinet","Cabinets","8","1","60.596","19.4","12.6","Balanced use","https://woodcuttool.com/templates/microwave-shelf-cabinet-cut-list/","https://woodcuttool.com/examples/microwave-shelf-cabinet-cut-list/","https://woodcuttool.com/examples/data/microwave-shelf-cabinet-cut-list.csv","96 × 48","0.125","allowed","2026-07-21","woodcuttool-maxrects-v1"
"Sewing table","Furniture","6","1","78.711","25.2","6.8","High sheet use","https://woodcuttool.com/templates/sewing-table-cut-list/","https://woodcuttool.com/examples/sewing-table-cut-list/","https://woodcuttool.com/examples/data/sewing-table-cut-list.csv","96 × 48","0.125","allowed","2026-07-21","woodcuttool-maxrects-v1"
"Small parts drawer cabinet","Shop","10","1","74.072","23.7","8.3","High sheet use","https://woodcuttool.com/templates/small-parts-drawer-cabinet-cut-list/","https://woodcuttool.com/examples/small-parts-drawer-cabinet-cut-list/","https://woodcuttool.com/examples/data/small-parts-drawer-cabinet-cut-list.csv","96 × 48","0.125","allowed","2026-07-21","woodcuttool-maxrects-v1"
"Floating shelf","Storage","7","1","33.214","10.6","21.4","Large offcut","https://woodcuttool.com/templates/floating-shelf-cut-list/","https://woodcuttool.com/examples/floating-shelf-cut-list/","https://woodcuttool.com/examples/data/floating-shelf-cut-list.csv","96 × 48","0.125","allowed","2026-07-21","woodcuttool-maxrects-v1"
"Shoe rack","Storage","9","1","54.980","17.6","14.4","Balanced use","https://woodcuttool.com/templates/shoe-rack-cut-list/","https://woodcuttool.com/examples/shoe-rack-cut-list/","https://woodcuttool.com/examples/data/shoe-rack-cut-list.csv","96 × 48","0.125","allowed","2026-07-21","woodcuttool-maxrects-v1"
"Nightstand","Furniture","5","1","35.113","11.2","20.8","Large offcut","https://woodcuttool.com/templates/nightstand-cut-list/","https://woodcuttool.com/examples/nightstand-cut-list/","https://woodcuttool.com/examples/data/nightstand-cut-list.csv","96 × 48","0.125","allowed","2026-07-21","woodcuttool-maxrects-v1"
"Dining bench","Furniture","6","1","34.147","10.9","21.1","Large offcut","https://woodcuttool.com/templates/dining-bench-cut-list/","https://woodcuttool.com/examples/dining-bench-cut-list/","https://woodcuttool.com/examples/data/dining-bench-cut-list.csv","96 × 48","0.125","allowed","2026-07-21","woodcuttool-maxrects-v1"
"Entryway table","Furniture","5","1","43.001","13.8","18.2","Balanced use","https://woodcuttool.com/templates/entryway-table-cut-list/","https://woodcuttool.com/examples/entryway-table-cut-list/","https://woodcuttool.com/examples/data/entryway-table-cut-list.csv","96 × 48","0.125","allowed","2026-07-21","woodcuttool-maxrects-v1"
"Tool cabinet","Shop","8","1","58.830","18.8","13.2","Balanced use","https://woodcuttool.com/templates/tool-cabinet-cut-list/","https://woodcuttool.com/examples/tool-cabinet-cut-list/","https://woodcuttool.com/examples/data/tool-cabinet-cut-list.csv","96 × 48","0.125","allowed","2026-07-21","woodcuttool-maxrects-v1"
"Pegboard organizer","Shop","9","1","35.938","11.5","20.5","Large offcut","https://woodcuttool.com/templates/pegboard-organizer-cut-list/","https://woodcuttool.com/examples/pegboard-organizer-cut-list/","https://woodcuttool.com/examples/data/pegboard-organizer-cut-list.csv","96 × 48","0.125","allowed","2026-07-21","woodcuttool-maxrects-v1"
"Clamp rack","Shop","18","1","19.271","6.2","25.8","Large offcut","https://woodcuttool.com/templates/clamp-rack-cut-list/","https://woodcuttool.com/examples/clamp-rack-cut-list/","https://woodcuttool.com/examples/data/clamp-rack-cut-list.csv","96 × 48","0.125","allowed","2026-07-21","woodcuttool-maxrects-v1"
"Drill press stand","Shop","6","1","66.374","21.2","10.8","Balanced use","https://woodcuttool.com/templates/drill-press-stand-cut-list/","https://woodcuttool.com/examples/drill-press-stand-cut-list/","https://woodcuttool.com/examples/data/drill-press-stand-cut-list.csv","96 × 48","0.125","allowed","2026-07-21","woodcuttool-maxrects-v1"
"Planter box","Outdoor","9","1","41.303","13.2","18.8","Balanced use","https://woodcuttool.com/templates/planter-box-cut-list/","https://woodcuttool.com/examples/planter-box-cut-list/","https://woodcuttool.com/examples/data/planter-box-cut-list.csv","96 × 48","0.125","allowed","2026-07-21","woodcuttool-maxrects-v1"
"Plywood chair","Furniture","5","1","45.605","14.6","17.4","Balanced use","https://woodcuttool.com/templates/plywood-chair-cut-list/","https://woodcuttool.com/examples/plywood-chair-cut-list/","https://woodcuttool.com/examples/data/plywood-chair-cut-list.csv","96 × 48","0.125","allowed","2026-07-21","woodcuttool-maxrects-v1"
"Plywood lounge chair","Furniture","18","1","64.974","20.8","11.2","Balanced use","https://woodcuttool.com/templates/lounge-chair-cut-list/","https://woodcuttool.com/examples/lounge-chair-cut-list/","https://woodcuttool.com/examples/data/lounge-chair-cut-list.csv","96 × 48","0.125","allowed","2026-07-21","woodcuttool-maxrects-v1"
"Desk organizer","Small Projects","9","1","12.240","3.9","28.1","Large offcut","https://woodcuttool.com/templates/desk-organizer-cut-list/","https://woodcuttool.com/examples/desk-organizer-cut-list/","https://woodcuttool.com/examples/data/desk-organizer-cut-list.csv","96 × 48","0.125","allowed","2026-07-21","woodcuttool-maxrects-v1"
"Monitor riser","Small Projects","5","1","14.236","4.6","27.4","Large offcut","https://woodcuttool.com/templates/monitor-riser-cut-list/","https://woodcuttool.com/examples/monitor-riser-cut-list/","https://woodcuttool.com/examples/data/monitor-riser-cut-list.csv","96 × 48","0.125","allowed","2026-07-21","woodcuttool-maxrects-v1"
"Printer stand","Small Projects","6","1","37.104","11.9","20.1","Large offcut","https://woodcuttool.com/templates/printer-stand-cut-list/","https://woodcuttool.com/examples/printer-stand-cut-list/","https://woodcuttool.com/examples/data/printer-stand-cut-list.csv","96 × 48","0.125","allowed","2026-07-21","woodcuttool-maxrects-v1"
"File cabinet","Storage","9","1","46.593","14.9","17.1","Balanced use","https://woodcuttool.com/templates/file-cabinet-cut-list/","https://woodcuttool.com/examples/file-cabinet-cut-list/","https://woodcuttool.com/examples/data/file-cabinet-cut-list.csv","96 × 48","0.125","allowed","2026-07-21","woodcuttool-maxrects-v1"
"Rolling pantry cart","Storage","7","1","59.896","19.2","12.8","Balanced use","https://woodcuttool.com/templates/rolling-pantry-cut-list/","https://woodcuttool.com/examples/rolling-pantry-cut-list/","https://woodcuttool.com/examples/data/rolling-pantry-cut-list.csv","96 × 48","0.125","allowed","2026-07-21","woodcuttool-maxrects-v1"
"Folding work table","Shop","6","1","62.337","19.9","12.1","Balanced use","https://woodcuttool.com/templates/folding-work-table-cut-list/","https://woodcuttool.com/examples/folding-work-table-cut-list/","https://woodcuttool.com/examples/data/folding-work-table-cut-list.csv","96 × 48","0.125","allowed","2026-07-21","woodcuttool-maxrects-v1"
"Folding wall desk","Small Spaces","5","1","30.339","9.7","22.3","Large offcut","https://woodcuttool.com/templates/folding-wall-desk-cut-list/","https://woodcuttool.com/examples/folding-wall-desk-cut-list/","https://woodcuttool.com/examples/data/folding-wall-desk-cut-list.csv","96 × 48","0.125","allowed","2026-07-21","woodcuttool-maxrects-v1"
"Narrow entryway bench","Small Spaces","6","1","36.437","11.7","20.3","Large offcut","https://woodcuttool.com/templates/narrow-entryway-bench-cut-list/","https://woodcuttool.com/examples/narrow-entryway-bench-cut-list/","https://woodcuttool.com/examples/data/narrow-entryway-bench-cut-list.csv","96 × 48","0.125","allowed","2026-07-21","woodcuttool-maxrects-v1"
"Over-toilet storage cabinet","Small Spaces","9","1","56.866","18.2","13.8","Balanced use","https://woodcuttool.com/templates/over-toilet-storage-cabinet-cut-list/","https://woodcuttool.com/examples/over-toilet-storage-cabinet-cut-list/","https://woodcuttool.com/examples/data/over-toilet-storage-cabinet-cut-list.csv","96 × 48","0.125","allowed","2026-07-21","woodcuttool-maxrects-v1"
"Rolling kitchen cart","Small Spaces","9","1","70.578","22.6","9.4","High sheet use","https://woodcuttool.com/templates/rolling-kitchen-cart-cut-list/","https://woodcuttool.com/examples/rolling-kitchen-cart-cut-list/","https://woodcuttool.com/examples/data/rolling-kitchen-cart-cut-list.csv","96 × 48","0.125","allowed","2026-07-21","woodcuttool-maxrects-v1"
"Sofa side table","Small Spaces","5","1","24.927","8.0","24.0","Large offcut","https://woodcuttool.com/templates/sofa-side-table-cut-list/","https://woodcuttool.com/examples/sofa-side-table-cut-list/","https://woodcuttool.com/examples/data/sofa-side-table-cut-list.csv","96 × 48","0.125","allowed","2026-07-21","woodcuttool-maxrects-v1"
"Under-desk rolling cabinet","Small Spaces","6","1","43.416","13.9","18.1","Balanced use","https://woodcuttool.com/templates/under-desk-rolling-cabinet-cut-list/","https://woodcuttool.com/examples/under-desk-rolling-cabinet-cut-list/","https://woodcuttool.com/examples/data/under-desk-rolling-cabinet-cut-list.csv","96 × 48","0.125","allowed","2026-07-21","woodcuttool-maxrects-v1"
"Balcony storage bench","Small Spaces","6","1","57.303","18.3","13.7","Balanced use","https://woodcuttool.com/templates/balcony-storage-bench-cut-list/","https://woodcuttool.com/examples/balcony-storage-bench-cut-list/","https://woodcuttool.com/examples/data/balcony-storage-bench-cut-list.csv","96 × 48","0.125","allowed","2026-07-21","woodcuttool-maxrects-v1"
"Drop-leaf dining table","Small Spaces","7","1","64.323","20.6","11.4","Balanced use","https://woodcuttool.com/templates/drop-leaf-dining-table-cut-list/","https://woodcuttool.com/examples/drop-leaf-dining-table-cut-list/","https://woodcuttool.com/examples/data/drop-leaf-dining-table-cut-list.csv","96 × 48","0.125","allowed","2026-07-21","woodcuttool-maxrects-v1"
"Compact craft cart","Small Spaces","7","1","64.079","20.5","11.5","Balanced use","https://woodcuttool.com/templates/compact-craft-cart-cut-list/","https://woodcuttool.com/examples/compact-craft-cart-cut-list/","https://woodcuttool.com/examples/data/compact-craft-cart-cut-list.csv","96 × 48","0.125","allowed","2026-07-21","woodcuttool-maxrects-v1"
"Slim laundry tower","Small Spaces","11","1","89.681","28.7","3.3","High sheet use","https://woodcuttool.com/templates/slim-laundry-tower-cut-list/","https://woodcuttool.com/examples/slim-laundry-tower-cut-list/","https://woodcuttool.com/examples/data/slim-laundry-tower-cut-list.csv","96 × 48","0.125","allowed","2026-07-21","woodcuttool-maxrects-v1"
"Knock-down bookcase","Small Spaces","11","1","76.758","24.6","7.4","High sheet use","https://woodcuttool.com/templates/knock-down-bookcase-cut-list/","https://woodcuttool.com/examples/knock-down-bookcase-cut-list/","https://woodcuttool.com/examples/data/knock-down-bookcase-cut-list.csv","96 × 48","0.125","allowed","2026-07-21","woodcuttool-maxrects-v1"
